RespondentID,Which of the following do you consider your primary shopping method for clothing?,With which of the following platforms do you engage the most?,What do you value most in your clothes shopping experience?,Do you shop for other members of your family at least 1x per month?,How many times per month do you visit MyStore either online or in-person?,"On average, how much do you spend at MyStore per visit in dollars?",What is your household income range?,What is the highest level of education you have attained?,What is your sex?,Which best describes the location of your primary residence?
2912245483,"Online, single-brand retail",Facebook,New Styles,Yes,7,Less than $20,$75K to less than $100K,Less than HS Diploma,Female,West
7515299893,"Online, multi-brand retail",Twitter,In-Store Merchandising,Yes,7,Less than $20,$50K to less than $75K,Less than HS Diploma,Female,West
3728349068,"Online, multi-brand retail",Instagram,Online Experience,No,7,Less than $20,$50K to less than $75K,Less than HS Diploma,Female,Northeast
2462973017,"In-store, single-brand retail",Twitter,In-Store Service,No,10,$20 to less than $50,$75K to less than $100K,Graduate Degree,Female,West
4046051792,"In-store, single-brand retail",Snapchat,In-Store Service,Yes,4,Less than $20,Less than $50K,Graduate Degree,Female,West
7297481563,"In-store, multi-brand retail",Instagram,Price,No,2,Less than $20,$75K to less than $100K,Graduate Degree,Female,Southwest
1211725771,"Online, single-brand retail",Twitter,Price,No,7,$50 to less than $100,$75K to less than $100K,Graduate Degree,Female,Southeast
8051402790,"Online, single-brand retail",Facebook,Price,Yes,4,$50 to less than $100,$75K to less than $100K,Graduate Degree,Male,Southwest
4847960185,"In-store, single-brand retail",Instagram,In-Store Service,Yes,7,$20 to less than $50,$75K to less than $100K,Graduate Degree,Female,West
6884544175,"In-store, multi-brand retail",Twitter,In-Store Merchandising,Yes,10,$20 to less than $50,$50K to less than $75K,Graduate Degree,Female,Southwest
2790454084,"In-store, multi-brand retail",Instagram,Price,Yes,5,Less than $20,$50K to less than $75K,Graduate Degree,Female,Southwest
8584376792,"In-store, multi-brand retail",Twitter,New Styles,Yes,5,$20 to less than $50,Less than $50K,Graduate Degree,Female,West
1806487884,"Online, single-brand retail",Instagram,In-Store Merchandising,No,5,Less than $20,Less than $50K,Graduate Degree,Female,West
6052015007,"In-store, multi-brand retail",Twitter,In-Store Merchandising,No,8,Less than $20,$75K to less than $100K,Graduate Degree,Female,Southeast
8924436869,"In-store, single-brand retail",Facebook,In-Store Service,No,6,$20 to less than $50,$50K to less than $75K,Graduate Degree,Female,Southwest
3070218586,"In-store, single-brand retail",Snapchat,In-Store Service,Yes,5,$20 to less than $50,$75K to less than $100K,Graduate Degree,Female,Midwest
8078722374,"Online, single-brand retail",Snapchat,Price,No,3,Less than $20,$75K to less than $100K,Graduate Degree,Female,West
2757556399,"In-store, multi-brand retail",Instagram,Price,No,3,$20 to less than $50,$50K to less than $75K,Graduate Degree,Female,Southeast
4330482321,"Online, single-brand retail",Snapchat,Price,Yes,3,Less than $20,$50K to less than $75K,Associate’s Degree,Female,Southeast
8150516575,"Online, single-brand retail",Facebook,In-Store Merchandising,No,1,$50 to less than $100,$50K to less than $75K,Associate’s Degree,Female,Midwest
6608924376,"Online, single-brand retail",Snapchat,Online Experience,Yes,5,$50 to less than $100,$50K to less than $75K,Associate’s Degree,Female,West
8274415239,"In-store, multi-brand retail",Instagram,In-Store Merchandising,Yes,6,$20 to less than $50,$50K to less than $75K,Associate’s Degree,Male,Midwest
2114248312,"In-store, multi-brand retail",Instagram,Price,No,6,$50 to less than $100,$75K to less than $100K,Associate’s Degree,Female,Midwest
7467542970,"In-store, multi-brand retail",Snapchat,New Styles,No,4,$20 to less than $50,$75K to less than $100K,Associate’s Degree,Female,West
1544958223,"Online, multi-brand retail",Facebook,Online Experience,Yes,1,$20 to less than $50,Less than $50K,Associate’s Degree,Female,Midwest
6913696285,"Online, single-brand retail",Snapchat,New Styles,No,4,$20 to less than $50,$50K to less than $75K,Associate’s Degree,Female,West
2692921533,"In-store, single-brand retail",Instagram,In-Store Service,No,5,$20 to less than $50,$50K to less than $75K,Associate’s Degree,Female,Southwest
7086102751,"Online, single-brand retail",Twitter,Price,No,8,Less than $20,Less than $50K,Associate’s Degree,Female,Southwest
6289914653,"In-store, multi-brand retail",Twitter,Online Experience,No,7,$50 to less than $100,$75K to less than $100K,Associate’s Degree,Female,Southeast
5960158727,"In-store, multi-brand retail",Facebook,In-Store Merchandising,Yes,4,$20 to less than $50,Less than $50K,Graduate Degree,Female,Southwest
6628240904,"In-store, single-brand retail",Facebook,In-Store Service,Yes,4,$50 to less than $100,Less than $50K,Graduate Degree,Female,West
5392440440,"Online, single-brand retail",Snapchat,In-Store Merchandising,Yes,2,$50 to less than $100,$50K to less than $75K,Graduate Degree,Female,Southeast
8156524835,"In-store, single-brand retail",Snapchat,In-Store Service,No,3,$50 to less than $100,$75K to less than $100K,Graduate Degree,Female,West
1911192799,"In-store, multi-brand retail",Snapchat,Online Experience,Yes,4,$50 to less than $100,Less than $50K,Graduate Degree,Female,West
7539872106,"Online, single-brand retail",Instagram,In-Store Merchandising,Yes,6,Less than $20,Less than $50K,Graduate Degree,Female,Southwest
8914122097,"In-store, single-brand retail",Facebook,In-Store Service,Yes,1,Less than $20,$75K to less than $100K,Graduate Degree,Female,Midwest
7789313205,"Online, single-brand retail",Twitter,Price,No,9,Less than $20,$75K to less than $100K,Graduate Degree,Female,West
6914385191,"Online, multi-brand retail",Facebook,New Styles,No,3,$50 to less than $100,$75K to less than $100K,Graduate Degree,Female,Midwest
7545933443,"Online, single-brand retail",Twitter,Price,Yes,10,$50 to less than $100,Less than $50K,Graduate Degree,Female,Southwest
1416344597,"In-store, single-brand retail",Instagram,In-Store Service,Yes,6,$20 to less than $50,$75K to less than $100K,Graduate Degree,Female,Southeast
1379085531,"In-store, single-brand retail",Snapchat,In-Store Service,Yes,4,$50 to less than $100,Less than $50K,Graduate Degree,Female,Midwest
5637930781,"Online, multi-brand retail",Twitter,Online Experience,No,6,$20 to less than $50,$75K to less than $100K,Graduate Degree,Female,Southwest
9641828140,"Online, multi-brand retail",Facebook,In-Store Merchandising,Yes,6,$20 to less than $50,$75K to less than $100K,Graduate Degree,Female,West
9667021495,"In-store, single-brand retail",Facebook,In-Store Service,No,3,$20 to less than $50,$200K to less than $400K,Graduate Degree,Female,Southeast
7431551484,"Online, multi-brand retail",Snapchat,In-Store Merchandising,No,7,Less than $20,$100K to less than $200K,Graduate Degree,Male,Midwest
6845220623,"Online, multi-brand retail",Facebook,New Styles,Yes,5,$50 to less than $100,$100K to less than $200K,Graduate Degree,Female,West
6089510011,"Online, multi-brand retail",Facebook,In-Store Merchandising,No,3,$50 to less than $100,More than $400K,Graduate Degree,Female,Northeast
7875344383,"In-store, single-brand retail",Snapchat,In-Store Service,No,7,$50 to less than $100,$200K to less than $400K,Graduate Degree,Female,West
5214223511,"In-store, multi-brand retail",Twitter,Online Experience,Yes,6,$20 to less than $50,More than $400K,Graduate Degree,Female,West
9974966951,"In-store, multi-brand retail",Facebook,Online Experience,Yes,6,$20 to less than $50,More than $400K,Graduate Degree,Female,Northeast
8529426725,"Online, single-brand retail",Facebook,Price,Yes,4,$20 to less than $50,More than $400K,Graduate Degree,Female,Midwest
8301900478,"In-store, single-brand retail",Facebook,In-Store Service,Yes,4,$50 to less than $100,$200K to less than $400K,Graduate Degree,Female,Midwest
6892245089,"Online, single-brand retail",Snapchat,In-Store Merchandising,Yes,7,$20 to less than $50,More than $400K,Graduate Degree,Female,West
6100523950,"In-store, multi-brand retail",Facebook,Online Experience,No,4,$20 to less than $50,$100K to less than $200K,Bachelor’s Degree,Female,West
8699314496,"Online, single-brand retail",Twitter,Price,Yes,9,$20 to less than $50,More than $400K,Bachelor’s Degree,Female,West
6132204615,"Online, single-brand retail",Twitter,Online Experience,Yes,7,$50 to less than $100,$200K to less than $400K,Bachelor’s Degree,Female,West
1216015383,"In-store, multi-brand retail",Instagram,Online Experience,No,7,$20 to less than $50,$100K to less than $200K,Bachelor’s Degree,Female,West
1333998552,"In-store, single-brand retail",Twitter,In-Store Service,No,5,$20 to less than $50,More than $400K,Bachelor’s Degree,Female,Southwest
1429825666,"Online, multi-brand retail",Facebook,Online Experience,Yes,6,$50 to less than $100,More than $400K,Bachelor’s Degree,Male,Southeast
8902880367,"Online, multi-brand retail",Twitter,In-Store Merchandising,Yes,10,Less than $20,$100K to less than $200K,Bachelor’s Degree,Female,West
9615197807,"In-store, multi-brand retail",Snapchat,Price,Yes,1,Less than $20,$200K to less than $400K,Bachelor’s Degree,Male,West
2716094857,"In-store, single-brand retail",Snapchat,In-Store Service,Yes,6,$50 to less than $100,$100K to less than $200K,Bachelor’s Degree,Female,Southeast
3488989584,"In-store, single-brand retail",Twitter,In-Store Service,No,5,$20 to less than $50,$200K to less than $400K,Bachelor’s Degree,Female,West
9519524118,"In-store, multi-brand retail",Facebook,Price,No,6,$20 to less than $50,$100K to less than $200K,Bachelor’s Degree,Female,Midwest
1517322702,"In-store, single-brand retail",Instagram,In-Store Service,No,3,$20 to less than $50,$200K to less than $400K,Bachelor’s Degree,Female,Southeast
8680480991,"In-store, single-brand retail",Twitter,In-Store Service,No,10,Less than $20,More than $400K,Bachelor’s Degree,Female,West
8889780861,"In-store, single-brand retail",Snapchat,In-Store Service,Yes,5,$20 to less than $50,More than $400K,Bachelor’s Degree,Female,Southeast
4306989870,"Online, multi-brand retail",Instagram,Online Experience,Yes,4,Less than $20,$200K to less than $400K,Bachelor’s Degree,Female,West
1952764672,"Online, multi-brand retail",Twitter,Price,No,10,$50 to less than $100,$200K to less than $400K,Bachelor’s Degree,Female,Midwest
9564558768,"Online, multi-brand retail",Twitter,Price,Yes,6,$20 to less than $50,$100K to less than $200K,Bachelor’s Degree,Female,West
7986667192,"In-store, single-brand retail",Instagram,In-Store Service,No,1,$20 to less than $50,More than $400K,Bachelor’s Degree,Female,West
3202530977,"Online, single-brand retail",Snapchat,New Styles,No,4,$20 to less than $50,$200K to less than $400K,Bachelor’s Degree,Female,West
5160432152,"Online, single-brand retail",Snapchat,New Styles,No,5,Less than $20,$100K to less than $200K,Bachelor’s Degree,Female,Midwest
1603937359,"Online, multi-brand retail",Instagram,Price,No,6,$50 to less than $100,$100K to less than $200K,Bachelor’s Degree,Female,West
6930031941,"Online, multi-brand retail",Twitter,New Styles,Yes,7,Less than $20,$200K to less than $400K,Bachelor’s Degree,Female,West
5848782828,"Online, single-brand retail",Facebook,Online Experience,No,2,$20 to less than $50,$100K to less than $200K,Bachelor’s Degree,Female,Midwest
6467901949,"In-store, multi-brand retail",Instagram,In-Store Merchandising,Yes,5,$20 to less than $50,$100K to less than $200K,Bachelor’s Degree,Male,Midwest
1550668993,"In-store, multi-brand retail",Facebook,New Styles,No,1,$50 to less than $100,$100K to less than $200K,Bachelor’s Degree,Female,Midwest
4979245493,"Online, single-brand retail",Facebook,Online Experience,No,2,$50 to less than $100,$200K to less than $400K,Bachelor’s Degree,Female,West
9116328817,"Online, single-brand retail",Twitter,Price,No,5,Less than $20,$200K to less than $400K,Bachelor’s Degree,Male,Southeast
3587657579,"In-store, multi-brand retail",Twitter,In-Store Merchandising,No,6,$20 to less than $50,More than $400K,Bachelor’s Degree,Female,West
1729506695,"In-store, multi-brand retail",Instagram,New Styles,No,1,$20 to less than $50,$100K to less than $200K,Bachelor’s Degree,Female,West
9180992211,"In-store, multi-brand retail",Facebook,Price,No,1,Less than $20,More than $400K,Bachelor’s Degree,Female,Southeast
9000411761,"In-store, single-brand retail",Snapchat,In-Store Service,No,3,$20 to less than $50,More than $400K,Bachelor’s Degree,Female,West
2067462741,"In-store, multi-brand retail",Facebook,Online Experience,No,6,$20 to less than $50,More than $400K,Bachelor’s Degree,Female,Midwest
7111342607,"Online, single-brand retail",Instagram,Online Experience,No,1,Less than $20,$100K to less than $200K,Bachelor’s Degree,Female,Midwest
7644968094,"In-store, multi-brand retail",Facebook,Online Experience,Yes,4,$50 to less than $100,More than $400K,Bachelor’s Degree,Female,West
4926201032,"Online, multi-brand retail",Instagram,New Styles,No,4,$20 to less than $50,More than $400K,Bachelor’s Degree,Female,West
4921354978,"Online, single-brand retail",Facebook,In-Store Merchandising,Yes,5,$20 to less than $50,More than $400K,Bachelor’s Degree,Female,West
1400538616,"Online, multi-brand retail",Instagram,Online Experience,Yes,2,Less than $20,$200K to less than $400K,Bachelor’s Degree,Female,West
4459036624,"In-store, multi-brand retail",Instagram,Online Experience,No,3,$50 to less than $100,$100K to less than $200K,Bachelor’s Degree,Female,Southeast
2721557880,"In-store, multi-brand retail",Snapchat,New Styles,Yes,3,Less than $20,$200K to less than $400K,Bachelor’s Degree,Female,West
4260873055,"In-store, single-brand retail",Snapchat,In-Store Service,Yes,2,$20 to less than $50,$100K to less than $200K,Bachelor’s Degree,Female,West
8796014090,"In-store, single-brand retail",Snapchat,In-Store Service,No,4,Less than $20,$200K to less than $400K,Bachelor’s Degree,Female,West
3373172146,"In-store, single-brand retail",Snapchat,In-Store Service,No,1,$50 to less than $100,$100K to less than $200K,Bachelor’s Degree,Female,West
2134415639,"Online, multi-brand retail",Facebook,Online Experience,Yes,1,$20 to less than $50,$100K to less than $200K,Bachelor’s Degree,Male,Northeast
5816451029,"Online, single-brand retail",Snapchat,New Styles,Yes,3,Less than $20,More than $400K,Bachelor’s Degree,Female,Southeast
2642456692,"Online, single-brand retail",Instagram,Online Experience,No,5,Less than $20,More than $400K,Bachelor’s Degree,Female,West
2551030158,"Online, single-brand retail",Snapchat,Online Experience,Yes,3,Less than $20,$200K to less than $400K,Bachelor’s Degree,Female,Midwest
5495471901,"Online, single-brand retail",Facebook,New Styles,No,2,$20 to less than $50,$200K to less than $400K,Bachelor’s Degree,Female,Northeast
8713392704,"In-store, single-brand retail",Twitter,In-Store Service,No,10,$50 to less than $100,$200K to less than $400K,Bachelor’s Degree,Female,West
8041152258,"In-store, multi-brand retail",Snapchat,Price,Yes,4,$50 to less than $100,$200K to less than $400K,Bachelor’s Degree,Male,Southeast
8201721493,"Online, single-brand retail",Snapchat,Online Experience,Yes,7,$20 to less than $50,$100K to less than $200K,Bachelor’s Degree,Female,West
9252833028,"Online, multi-brand retail",Instagram,In-Store Merchandising,Yes,1,Less than $20,More than $400K,Bachelor’s Degree,Female,Midwest
9082760799,"In-store, single-brand retail",Snapchat,In-Store Service,Yes,1,$50 to less than $100,$200K to less than $400K,Bachelor’s Degree,Female,Southeast
3990168399,"Online, multi-brand retail",Instagram,Online Experience,No,4,$20 to less than $50,$200K to less than $400K,Bachelor’s Degree,Female,Midwest
8669068175,"In-store, multi-brand retail",Facebook,In-Store Merchandising,Yes,6,$50 to less than $100,$100K to less than $200K,Bachelor’s Degree,Female,West
2608738468,"Online, single-brand retail",Facebook,In-Store Merchandising,No,5,$20 to less than $50,More than $400K,Bachelor’s Degree,Female,Midwest
3126405279,"In-store, multi-brand retail",Facebook,Online Experience,No,4,$20 to less than $50,$100K to less than $200K,Bachelor’s Degree,Female,West
3751984686,"In-store, single-brand retail",Facebook,In-Store Service,Yes,4,Less than $20,$100K to less than $200K,Bachelor’s Degree,Female,Southwest
5086264792,"Online, single-brand retail",Snapchat,In-Store Merchandising,Yes,5,$20 to less than $50,More than $400K,Bachelor’s Degree,Female,Northeast
5041094044,"Online, single-brand retail",Twitter,New Styles,Yes,8,$20 to less than $50,$100K to less than $200K,Bachelor’s Degree,Female,Southeast
9795929036,"Online, single-brand retail",Facebook,New Styles,No,1,Less than $20,More than $400K,Bachelor’s Degree,Male,Southwest
7881195340,"In-store, single-brand retail",Snapchat,In-Store Service,No,1,Less than $20,$100K to less than $200K,Bachelor’s Degree,Female,Southeast
4178961282,"Online, single-brand retail",Instagram,Price,Yes,3,$50 to less than $100,$200K to less than $400K,Bachelor’s Degree,Male,West
2951524517,"Online, multi-brand retail",Facebook,In-Store Merchandising,No,6,$20 to less than $50,More than $400K,Bachelor’s Degree,Female,West
9009919621,"In-store, single-brand retail",Facebook,In-Store Service,Yes,7,$50 to less than $100,$100K to less than $200K,Bachelor’s Degree,Female,West
3479459340,"In-store, multi-brand retail",Facebook,Online Experience,Yes,3,Less than $20,$200K to less than $400K,Bachelor’s Degree,Female,Southwest
9566795391,"Online, multi-brand retail",Twitter,Price,No,9,$50 to less than $100,More than $400K,Bachelor’s Degree,Female,West
8013785396,"Online, single-brand retail",Instagram,Online Experience,No,6,Less than $20,More than $400K,Bachelor’s Degree,Female,West
6953034098,"Online, single-brand retail",Instagram,Online Experience,Yes,5,$20 to less than $50,$200K to less than $400K,Bachelor’s Degree,Female,Midwest
9706100779,"Online, multi-brand retail",Twitter,Online Experience,Yes,10,Less than $20,More than $400K,Bachelor’s Degree,Female,Southwest
1410130056,"In-store, multi-brand retail",Instagram,New Styles,No,4,$50 to less than $100,More than $400K,Bachelor’s Degree,Female,Southeast
8285019746,"In-store, multi-brand retail",Snapchat,In-Store Merchandising,Yes,4,$50 to less than $100,$200K to less than $400K,Bachelor’s Degree,Female,West
3135144821,"In-store, single-brand retail",Snapchat,In-Store Service,No,5,$50 to less than $100,$100K to less than $200K,Bachelor’s Degree,Female,Southeast
5785819223,"In-store, single-brand retail",Twitter,In-Store Service,No,10,$50 to less than $100,$100K to less than $200K,Bachelor’s Degree,Female,West
4112479976,"In-store, multi-brand retail",Snapchat,In-Store Merchandising,Yes,2,Less than $20,More than $400K,Bachelor’s Degree,Female,West
9454503520,"Online, multi-brand retail",Facebook,Price,No,3,$20 to less than $50,$100K to less than $200K,Bachelor’s Degree,Female,Northeast
5426230201,"In-store, multi-brand retail",Instagram,Online Experience,No,2,$20 to less than $50,$100K to less than $200K,Bachelor’s Degree,Female,Southeast
5975163701,"In-store, single-brand retail",Twitter,In-Store Service,Yes,7,$20 to less than $50,More than $400K,Bachelor’s Degree,Male,Southwest
6281568013,"In-store, single-brand retail",Facebook,In-Store Service,No,1,$20 to less than $50,$200K to less than $400K,Bachelor’s Degree,Female,Southwest
3658031946,"Online, multi-brand retail",Instagram,Online Experience,No,1,$50 to less than $100,More than $400K,Bachelor’s Degree,Female,West
5666625595,"Online, single-brand retail",Facebook,Online Experience,No,3,$20 to less than $50,$200K to less than $400K,Bachelor’s Degree,Female,Northeast
2937352514,"Online, single-brand retail",Facebook,Online Experience,No,2,$50 to less than $100,More than $400K,Bachelor’s Degree,Female,Northeast
7377040493,"Online, multi-brand retail",Twitter,Price,No,7,Less than $20,$100K to less than $200K,Bachelor’s Degree,Female,Southeast
2716216644,"Online, single-brand retail",Instagram,Online Experience,No,6,Less than $20,More than $400K,Bachelor’s Degree,Female,Southwest
7442189921,"Online, single-brand retail",Instagram,Price,No,5,$20 to less than $50,More than $400K,Bachelor’s Degree,Female,Southwest
2072718914,"Online, multi-brand retail",Facebook,In-Store Merchandising,No,7,$20 to less than $50,More than $400K,Bachelor’s Degree,Female,Northeast
3377123460,"In-store, multi-brand retail",Twitter,Price,Yes,5,$20 to less than $50,More than $400K,Bachelor’s Degree,Female,West
9183272721,"In-store, multi-brand retail",Instagram,Online Experience,Yes,7,Less than $20,More than $400K,Bachelor’s Degree,Female,West
3588283364,"In-store, multi-brand retail",Snapchat,New Styles,No,1,$20 to less than $50,More than $400K,Bachelor’s Degree,Female,Northeast
2709662072,"In-store, single-brand retail",Facebook,In-Store Service,Yes,1,$20 to less than $50,$100K to less than $200K,Bachelor’s Degree,Female,West
7292491099,"In-store, single-brand retail",Snapchat,In-Store Service,Yes,4,$50 to less than $100,$200K to less than $400K,Bachelor’s Degree,Female,West
5670385456,"Online, multi-brand retail",Facebook,New Styles,No,6,Less than $20,$100K to less than $200K,Bachelor’s Degree,Male,West
5790354823,"Online, single-brand retail",Facebook,New Styles,Yes,3,$20 to less than $50,More than $400K,Bachelor’s Degree,Female,West
2297586921,"Online, multi-brand retail",Snapchat,Price,Yes,5,$50 to less than $100,More than $400K,Bachelor’s Degree,Female,Northeast
9875466925,"Online, single-brand retail",Twitter,Price,Yes,6,$20 to less than $50,$200K to less than $400K,Bachelor’s Degree,Female,Northeast
8246194376,"In-store, multi-brand retail",Twitter,Price,Yes,5,Less than $20,More than $400K,Bachelor’s Degree,Female,Southeast
9034934356,"Online, multi-brand retail",Instagram,New Styles,No,6,Less than $20,$100K to less than $200K,Bachelor’s Degree,Female,Southwest
7252753206,"In-store, single-brand retail",Facebook,In-Store Service,Yes,5,$50 to less than $100,$100K to less than $200K,Bachelor’s Degree,Female,Midwest
2473973877,"Online, multi-brand retail",Twitter,In-Store Merchandising,Yes,8,$20 to less than $50,$200K to less than $400K,Bachelor’s Degree,Female,Midwest
3020624793,"Online, multi-brand retail",Snapchat,Online Experience,No,2,$20 to less than $50,More than $400K,Bachelor’s Degree,Female,Southwest
2755500252,"In-store, multi-brand retail",Instagram,Online Experience,No,5,$20 to less than $50,More than $400K,Bachelor’s Degree,Female,Midwest
6203807634,"In-store, multi-brand retail",Twitter,Price,Yes,6,$50 to less than $100,More than $400K,Bachelor’s Degree,Female,Southwest
7348113940,"In-store, multi-brand retail",Instagram,In-Store Merchandising,No,7,Less than $20,More than $400K,Bachelor’s Degree,Female,West
1848676585,"Online, single-brand retail",Facebook,Price,Yes,3,Less than $20,$100K to less than $200K,Bachelor’s Degree,Female,Northeast
5062870874,"In-store, single-brand retail",Snapchat,In-Store Service,No,4,$50 to less than $100,More than $400K,Bachelor’s Degree,Female,Midwest
2969947042,"In-store, single-brand retail",Facebook,In-Store Service,No,7,$20 to less than $50,$100K to less than $200K,Bachelor’s Degree,Female,West
5860301109,"Online, multi-brand retail",Instagram,Price,Yes,5,Less than $20,$100K to less than $200K,Bachelor’s Degree,Female,Southeast
2194434429,"In-store, single-brand retail",Snapchat,In-Store Service,Yes,5,Less than $20,More than $400K,Bachelor’s Degree,Female,Southeast
4117047422,"In-store, single-brand retail",Snapchat,In-Store Service,No,4,$20 to less than $50,$200K to less than $400K,Bachelor’s Degree,Female,Southeast
6684635718,"Online, multi-brand retail",Snapchat,Price,No,7,Less than $20,More than $400K,Bachelor’s Degree,Female,West
5602704470,"Online, single-brand retail",Twitter,In-Store Merchandising,No,6,Less than $20,$100K to less than $200K,Bachelor’s Degree,Female,West
5009655891,"In-store, multi-brand retail",Instagram,Online Experience,Yes,1,$50 to less than $100,$100K to less than $200K,Bachelor’s Degree,Female,Southeast
8593362356,"In-store, single-brand retail",Facebook,In-Store Service,No,7,$50 to less than $100,More than $400K,Bachelor’s Degree,Female,West
4451397730,"In-store, multi-brand retail",Facebook,New Styles,Yes,7,$50 to less than $100,$200K to less than $400K,Bachelor’s Degree,Female,West
6320720661,"Online, single-brand retail",Instagram,In-Store Merchandising,Yes,4,$50 to less than $100,$100K to less than $200K,Bachelor’s Degree,Male,West
2000653844,"Online, multi-brand retail",Instagram,Price,No,5,$50 to less than $100,More than $400K,Bachelor’s Degree,Female,West
6278510166,"In-store, multi-brand retail",Instagram,Online Experience,Yes,3,$50 to less than $100,$200K to less than $400K,Bachelor’s Degree,Female,Southwest
1193999176,"Online, multi-brand retail",Instagram,In-Store Merchandising,Yes,4,$50 to less than $100,$100K to less than $200K,Bachelor’s Degree,Female,West
6708078137,"In-store, multi-brand retail",Snapchat,Price,No,7,Less than $20,$200K to less than $400K,Bachelor’s Degree,Female,Midwest
8189106348,"In-store, multi-brand retail",Twitter,Price,No,6,$50 to less than $100,More than $400K,Bachelor’s Degree,Female,Northeast
8244063652,"In-store, single-brand retail",Facebook,In-Store Service,No,6,$20 to less than $50,$200K to less than $400K,Bachelor’s Degree,Female,West
3164370605,"In-store, multi-brand retail",Facebook,Price,Yes,3,$20 to less than $50,$100K to less than $200K,Bachelor’s Degree,Female,Northeast
1035336583,"In-store, multi-brand retail",Facebook,Price,Yes,5,Less than $20,More than $400K,Bachelor’s Degree,Female,West
2794387608,"In-store, multi-brand retail",Snapchat,In-Store Merchandising,Yes,5,$20 to less than $50,$100K to less than $200K,Bachelor’s Degree,Female,West
8476927744,"Online, multi-brand retail",Snapchat,In-Store Merchandising,Yes,5,$50 to less than $100,$100K to less than $200K,Bachelor’s Degree,Female,Northeast
6188426504,"In-store, multi-brand retail",Instagram,Online Experience,Yes,5,$50 to less than $100,More than $400K,Bachelor’s Degree,Female,Midwest
2438762030,"Online, single-brand retail",Twitter,Price,No,9,$20 to less than $50,$100K to less than $200K,Bachelor’s Degree,Female,Northeast
5387380403,"In-store, multi-brand retail",Snapchat,Price,No,3,Less than $20,$100K to less than $200K,Bachelor’s Degree,Female,West
8566222036,"Online, multi-brand retail",Snapchat,In-Store Merchandising,No,3,Less than $20,$100K to less than $200K,Bachelor’s Degree,Female,West
6549731130,"In-store, multi-brand retail",Snapchat,In-Store Merchandising,Yes,6,Less than $20,$200K to less than $400K,Bachelor’s Degree,Male,Northeast
6939566280,"In-store, multi-brand retail",Snapchat,New Styles,No,6,Less than $20,More than $400K,Bachelor’s Degree,Female,Southwest
2347445719,"Online, multi-brand retail",Snapchat,Price,Yes,3,$20 to less than $50,$100K to less than $200K,Bachelor’s Degree,Female,West
1910548799,"In-store, multi-brand retail",Facebook,In-Store Merchandising,No,3,$20 to less than $50,$100K to less than $200K,Bachelor’s Degree,Female,Southwest
6898153809,"Online, single-brand retail",Snapchat,Online Experience,No,1,Less than $20,More than $400K,Bachelor’s Degree,Female,West
4577565432,"Online, single-brand retail",Facebook,In-Store Merchandising,No,2,$50 to less than $100,More than $400K,Bachelor’s Degree,Female,Midwest
3500086405,"Online, multi-brand retail",Instagram,In-Store Merchandising,Yes,3,Less than $20,$200K to less than $400K,Bachelor’s Degree,Male,Southwest
3488851973,"In-store, multi-brand retail",Twitter,Price,Yes,6,$20 to less than $50,$200K to less than $400K,Bachelor’s Degree,Female,Southeast
4274195494,"In-store, single-brand retail",Twitter,In-Store Service,Yes,9,Less than $20,$100K to less than $200K,Bachelor’s Degree,Female,Southwest
5236713371,"Online, multi-brand retail",Twitter,New Styles,No,6,Less than $20,$200K to less than $400K,Bachelor’s Degree,Female,Southeast
4795974392,"Online, single-brand retail",Instagram,New Styles,No,3,$20 to less than $50,More than $400K,Bachelor’s Degree,Female,Northeast
7887640241,"Online, multi-brand retail",Twitter,New Styles,No,6,$50 to less than $100,$100K to less than $200K,Bachelor’s Degree,Female,West
4183065846,"Online, single-brand retail",Facebook,Price,No,1,Less than $20,$200K to less than $400K,Bachelor’s Degree,Female,West
1451275652,"In-store, single-brand retail",Facebook,In-Store Service,No,4,$50 to less than $100,$100K to less than $200K,Bachelor’s Degree,Female,West
3447887224,"Online, multi-brand retail",Facebook,In-Store Merchandising,No,6,$20 to less than $50,$200K to less than $400K,Bachelor’s Degree,Female,West
8609050084,"Online, multi-brand retail",Snapchat,New Styles,Yes,5,$50 to less than $100,$200K to less than $400K,Bachelor’s Degree,Female,Southwest
6055440081,"Online, single-brand retail",Twitter,New Styles,Yes,7,$50 to less than $100,$100K to less than $200K,Bachelor’s Degree,Female,Southwest
7445728926,"In-store, multi-brand retail",Instagram,In-Store Merchandising,No,2,$20 to less than $50,$200K to less than $400K,Bachelor’s Degree,Male,West
4742791578,"In-store, multi-brand retail",Facebook,New Styles,Yes,4,Less than $20,$200K to less than $400K,Bachelor’s Degree,Female,West
5125348101,"In-store, multi-brand retail",Facebook,Online Experience,Yes,4,Less than $20,$100K to less than $200K,Bachelor’s Degree,Female,Southwest
1138430487,"Online, single-brand retail",Instagram,Online Experience,No,5,Less than $20,More than $400K,Bachelor’s Degree,Female,West
8581330272,"In-store, multi-brand retail",Snapchat,Price,No,4,Less than $20,$200K to less than $400K,Bachelor’s Degree,Female,Southwest
1807575112,"In-store, multi-brand retail",Instagram,In-Store Merchandising,No,7,$50 to less than $100,$200K to less than $400K,Bachelor’s Degree,Female,Northeast
7188517105,"In-store, multi-brand retail",Snapchat,In-Store Merchandising,No,5,$50 to less than $100,$200K to less than $400K,Bachelor’s Degree,Female,Midwest
1491901064,"Online, multi-brand retail",Twitter,Price,Yes,7,Less than $20,$200K to less than $400K,Bachelor’s Degree,Male,West
1905410900,"In-store, multi-brand retail",Twitter,Online Experience,Yes,6,$50 to less than $100,$200K to less than $400K,Bachelor’s Degree,Female,Southeast
4889173380,"In-store, multi-brand retail",Snapchat,New Styles,No,1,$50 to less than $100,$100K to less than $200K,Bachelor’s Degree,Female,Midwest
3926190173,"Online, single-brand retail",Facebook,Price,Yes,2,Less than $20,$100K to less than $200K,Bachelor’s Degree,Female,West
6373646320,"In-store, single-brand retail",Snapchat,In-Store Service,No,4,Less than $20,$100K to less than $200K,Bachelor’s Degree,Female,Southeast
9139878202,"In-store, multi-brand retail",Twitter,Online Experience,Yes,9,Less than $20,$200K to less than $400K,Bachelor’s Degree,Female,Southeast
9410733520,"In-store, multi-brand retail",Snapchat,Price,No,3,$20 to less than $50,$100K to less than $200K,Bachelor’s Degree,Female,Southeast
7691141548,"In-store, multi-brand retail",Instagram,New Styles,Yes,3,Less than $20,$100K to less than $200K,Bachelor’s Degree,Female,West
6134471233,"In-store, multi-brand retail",Twitter,New Styles,Yes,9,$20 to less than $50,More than $400K,Bachelor’s Degree,Female,West
6858155628,"In-store, single-brand retail",Snapchat,In-Store Service,Yes,2,Less than $20,$100K to less than $200K,Bachelor’s Degree,Female,Midwest
2080531989,"Online, multi-brand retail",Instagram,Price,Yes,6,$50 to less than $100,More than $400K,Bachelor’s Degree,Female,Southwest
2035953774,"Online, multi-brand retail",Snapchat,Price,Yes,4,Less than $20,More than $400K,Bachelor’s Degree,Female,Southeast
2078847687,"Online, multi-brand retail",Facebook,New Styles,No,3,$20 to less than $50,More than $400K,Bachelor’s Degree,Female,Northeast
4921852315,"In-store, single-brand retail",Snapchat,In-Store Service,No,5,Less than $20,$200K to less than $400K,Bachelor’s Degree,Male,West
8068911179,"Online, multi-brand retail",Twitter,In-Store Merchandising,No,7,$50 to less than $100,$100K to less than $200K,Bachelor’s Degree,Female,Southwest
6050799999,"Online, single-brand retail",Twitter,New Styles,Yes,6,Less than $20,$100K to less than $200K,Bachelor’s Degree,Female,Northeast
9617941279,"Online, single-brand retail",Snapchat,Price,Yes,3,Less than $20,$100K to less than $200K,Bachelor’s Degree,Female,West
1482156828,"Online, single-brand retail",Instagram,New Styles,No,3,$20 to less than $50,$200K to less than $400K,Bachelor’s Degree,Male,Midwest
3698579684,"In-store, single-brand retail",Instagram,In-Store Service,Yes,1,Less than $20,More than $400K,Bachelor’s Degree,Female,West
2763468393,"In-store, single-brand retail",Twitter,In-Store Service,No,5,Less than $20,More than $400K,Bachelor’s Degree,Female,West
3645575739,"Online, single-brand retail",Facebook,Online Experience,Yes,2,Less than $20,More than $400K,Bachelor’s Degree,Male,Northeast
6557362885,"Online, multi-brand retail",Instagram,In-Store Merchandising,Yes,5,Less than $20,More than $400K,Bachelor’s Degree,Female,Southeast
5249523402,"Online, multi-brand retail",Instagram,Price,No,6,Less than $20,$200K to less than $400K,Bachelor’s Degree,Female,Northeast
1494236973,"In-store, single-brand retail",Instagram,In-Store Service,Yes,2,$50 to less than $100,$200K to less than $400K,Bachelor’s Degree,Female,Southwest
3282313383,"Online, multi-brand retail",Instagram,In-Store Merchandising,No,4,$20 to less than $50,$200K to less than $400K,Bachelor’s Degree,Female,Southwest
6080843277,"Online, multi-brand retail",Facebook,Online Experience,No,4,Less than $20,More than $400K,Bachelor’s Degree,Female,Southwest
4896490282,"Online, single-brand retail",Twitter,New Styles,No,9,$50 to less than $100,$100K to less than $200K,Bachelor’s Degree,Female,Northeast
3041864512,"Online, multi-brand retail",Twitter,Price,Yes,6,$50 to less than $100,$200K to less than $400K,Bachelor’s Degree,Female,West
8426498399,"Online, multi-brand retail",Facebook,Price,Yes,5,$50 to less than $100,$200K to less than $400K,Bachelor’s Degree,Female,West
1531283039,"Online, single-brand retail",Facebook,Online Experience,Yes,7,Less than $20,$100K to less than $200K,Bachelor’s Degree,Female,Midwest
1331521448,"In-store, multi-brand retail",Instagram,New Styles,No,5,$50 to less than $100,More than $400K,Bachelor’s Degree,Female,Southwest
4543889662,"In-store, single-brand retail",Twitter,In-Store Service,No,7,Less than $20,More than $400K,Bachelor’s Degree,Female,Midwest
9729981799,"Online, single-brand retail",Instagram,In-Store Merchandising,No,7,$20 to less than $50,$200K to less than $400K,Bachelor’s Degree,Female,West
4901102432,"Online, single-brand retail",Snapchat,In-Store Merchandising,No,1,$50 to less than $100,$100K to less than $200K,Bachelor’s Degree,Female,Southwest
1751020443,"Online, multi-brand retail",Twitter,New Styles,Yes,7,Less than $20,More than $400K,Bachelor’s Degree,Female,Midwest
1794200190,"In-store, single-brand retail",Twitter,In-Store Service,No,7,$50 to less than $100,$100K to less than $200K,Bachelor’s Degree,Female,West
2372915459,"In-store, multi-brand retail",Instagram,New Styles,Yes,2,Less than $20,More than $400K,Bachelor’s Degree,Female,West
3577338259,"Online, single-brand retail",Twitter,Online Experience,No,10,$50 to less than $100,$200K to less than $400K,Bachelor’s Degree,Female,Northeast
1333286759,"Online, single-brand retail",Twitter,Price,No,7,$20 to less than $50,$100K to less than $200K,Bachelor’s Degree,Female,West
7848396565,"In-store, single-brand retail",Snapchat,In-Store Service,Yes,1,Less than $20,More than $400K,Bachelor’s Degree,Female,Northeast
4357857142,"Online, multi-brand retail",Twitter,Online Experience,Yes,8,$50 to less than $100,$100K to less than $200K,Bachelor’s Degree,Female,Northeast
6544192815,"Online, single-brand retail",Twitter,New Styles,No,7,$20 to less than $50,More than $400K,Bachelor’s Degree,Female,Midwest
4433566625,"In-store, single-brand retail",Instagram,In-Store Service,No,1,$20 to less than $50,$200K to less than $400K,Bachelor’s Degree,Female,West
1438133916,"Online, single-brand retail",Facebook,Online Experience,Yes,5,$50 to less than $100,$200K to less than $400K,Bachelor’s Degree,Male,Southwest
2137640515,"In-store, single-brand retail",Instagram,In-Store Service,No,5,$50 to less than $100,$100K to less than $200K,Bachelor’s Degree,Female,West
6328229723,"Online, multi-brand retail",Twitter,Price,Yes,9,$20 to less than $50,$100K to less than $200K,Bachelor’s Degree,Female,West
2120133875,"In-store, single-brand retail",Facebook,In-Store Service,Yes,4,$20 to less than $50,$200K to less than $400K,Bachelor’s Degree,Female,Northeast
2184782728,"In-store, multi-brand retail",Instagram,In-Store Merchandising,No,6,Less than $20,$100K to less than $200K,Bachelor’s Degree,Female,West
5534807343,"In-store, single-brand retail",Twitter,In-Store Service,No,6,$50 to less than $100,More than $400K,Bachelor’s Degree,Female,Midwest
9962361973,"In-store, single-brand retail",Instagram,In-Store Service,No,3,$20 to less than $50,More than $400K,Bachelor’s Degree,Male,Southwest
3480381709,"In-store, single-brand retail",Instagram,In-Store Service,No,1,$50 to less than $100,$100K to less than $200K,Bachelor’s Degree,Female,West
8414257210,"Online, single-brand retail",Snapchat,Online Experience,Yes,2,$50 to less than $100,More than $400K,Bachelor’s Degree,Female,Northeast
2769443368,"Online, single-brand retail",Twitter,Online Experience,Yes,7,$50 to less than $100,$100K to less than $200K,Bachelor’s Degree,Female,West
5407677587,"Online, multi-brand retail",Snapchat,New Styles,Yes,3,$50 to less than $100,$100K to less than $200K,Bachelor’s Degree,Female,West
4671700997,"Online, multi-brand retail",Instagram,Price,Yes,7,$20 to less than $50,More than $400K,Bachelor’s Degree,Female,West
6288287829,"In-store, multi-brand retail",Instagram,Price,Yes,1,$50 to less than $100,$100K to less than $200K,Bachelor’s Degree,Female,Southwest
4198151986,"In-store, single-brand retail",Instagram,In-Store Service,Yes,4,Less than $20,More than $400K,Less than HS Diploma,Female,Northeast
5776336074,"Online, multi-brand retail",Twitter,Online Experience,Yes,7,Less than $20,$100K to less than $200K,Associate’s Degree,Female,Northeast
2184890848,"Online, multi-brand retail",Facebook,Price,No,7,$20 to less than $50,More than $400K,Graduate Degree,Female,West
8288424975,"In-store, multi-brand retail",Twitter,Price,Yes,10,$50 to less than $100,$100K to less than $200K,Less than HS Diploma,Female,Southwest
7719433310,"Online, single-brand retail",Instagram,In-Store Merchandising,Yes,1,$50 to less than $100,$100K to less than $200K,Bachelor’s Degree,Female,Southwest
8586958216,"In-store, single-brand retail",Facebook,In-Store Service,No,4,$50 to less than $100,$200K to less than $400K,Bachelor’s Degree,Female,Northeast
3949430709,"Online, multi-brand retail",Twitter,Online Experience,No,7,$20 to less than $50,$200K to less than $400K,Bachelor’s Degree,Female,Midwest
8877293764,"In-store, single-brand retail",Facebook,In-Store Service,Yes,1,Less than $20,$200K to less than $400K,Graduate Degree,Female,Southeast
7056614195,"Online, multi-brand retail",Facebook,Price,Yes,1,$20 to less than $50,$200K to less than $400K,HS Diploma,Female,West
9009074842,"Online, multi-brand retail",Twitter,In-Store Merchandising,No,7,Less than $20,More than $400K,Associate’s Degree,Female,West
8321571270,"In-store, single-brand retail",Facebook,In-Store Service,No,6,$20 to less than $50,$200K to less than $400K,Less than HS Diploma,Female,West
9637384213,"Online, multi-brand retail",Facebook,Price,Yes,2,$20 to less than $50,$100K to less than $200K,Graduate Degree,Female,Midwest
3507709545,"In-store, single-brand retail",Twitter,In-Store Service,Yes,9,Less than $20,More than $400K,Bachelor’s Degree,Female,Southeast
7112127360,"Online, single-brand retail",Twitter,New Styles,Yes,7,$50 to less than $100,More than $400K,Graduate Degree,Female,Southeast
7576847551,"Online, multi-brand retail",Twitter,In-Store Merchandising,No,6,$50 to less than $100,More than $400K,Graduate Degree,Female,Southwest
4194263239,"Online, single-brand retail",Facebook,Online Experience,Yes,3,Less than $20,$100K to less than $200K,Graduate Degree,Female,West
2293040519,"Online, single-brand retail",Snapchat,New Styles,No,6,$20 to less than $50,$200K to less than $400K,Bachelor’s Degree,Female,Northeast
5278480937,"In-store, multi-brand retail",Snapchat,Online Experience,No,3,$20 to less than $50,More than $400K,Graduate Degree,Female,Northeast
4602869722,"In-store, single-brand retail",Snapchat,In-Store Service,No,1,$20 to less than $50,$200K to less than $400K,Less than HS Diploma,Female,West
7152424840,"Online, single-brand retail",Twitter,Price,No,6,Less than $20,$100K to less than $200K,Less than HS Diploma,Female,Midwest
2190909731,"In-store, single-brand retail",Facebook,In-Store Service,No,6,$50 to less than $100,$200K to less than $400K,Associate’s Degree,Female,West
3121827986,"In-store, single-brand retail",Instagram,In-Store Service,No,2,$50 to less than $100,$200K to less than $400K,Bachelor’s Degree,Male,West
7099355419,"In-store, multi-brand retail",Instagram,In-Store Merchandising,No,3,$50 to less than $100,$200K to less than $400K,Bachelor’s Degree,Female,West
2126130406,"Online, single-brand retail",Instagram,New Styles,Yes,3,Less than $20,More than $400K,Associate’s Degree,Female,Northeast
6240299806,"Online, multi-brand retail",Snapchat,In-Store Merchandising,No,4,Less than $20,$200K to less than $400K,Associate’s Degree,Female,West
6702279614,"Online, multi-brand retail",Snapchat,In-Store Merchandising,Yes,1,$50 to less than $100,$100K to less than $200K,Associate’s Degree,Female,Southeast
9956776331,"In-store, single-brand retail",Instagram,In-Store Service,No,6,$20 to less than $50,$200K to less than $400K,Associate’s Degree,Female,West
1905618771,"In-store, multi-brand retail",Snapchat,New Styles,No,5,Less than $20,$100K to less than $200K,Associate’s Degree,Female,Midwest
5506990094,"In-store, multi-brand retail",Facebook,Price,Yes,1,$50 to less than $100,$100K to less than $200K,Graduate Degree,Female,Midwest
5662252570,"In-store, multi-brand retail",Instagram,Online Experience,No,2,$50 to less than $100,$100K to less than $200K,HS Diploma,Female,Southeast
9058147192,"In-store, multi-brand retail",Facebook,Online Experience,Yes,7,$50 to less than $100,$100K to less than $200K,Associate’s Degree,Female,Midwest
8188158026,"In-store, single-brand retail",Instagram,In-Store Service,No,7,$20 to less than $50,$100K to less than $200K,Less than HS Diploma,Female,Southwest
9156979676,"Online, single-brand retail",Snapchat,Online Experience,No,2,$20 to less than $50,$100K to less than $200K,Less than HS Diploma,Female,West
9422417548,"Online, multi-brand retail",Twitter,Online Experience,No,7,$20 to less than $50,$100K to less than $200K,Less than HS Diploma,Female,West
6084815673,"In-store, multi-brand retail",Instagram,New Styles,Yes,6,Less than $20,$200K to less than $400K,Less than HS Diploma,Female,West
7378136283,"In-store, multi-brand retail",Snapchat,Online Experience,No,2,$20 to less than $50,More than $400K,Less than HS Diploma,Female,West
7941327821,"Online, single-brand retail",Snapchat,Online Experience,Yes,4,$20 to less than $50,$200K to less than $400K,Bachelor’s Degree,Female,Southwest
2675457037,"Online, single-brand retail",Snapchat,New Styles,No,7,$20 to less than $50,$200K to less than $400K,HS Diploma,Female,West
7775714080,"In-store, single-brand retail",Facebook,In-Store Service,No,3,Less than $20,$100K to less than $200K,Associate’s Degree,Female,West
4816684337,"Online, single-brand retail",Instagram,Online Experience,Yes,7,$20 to less than $50,$200K to less than $400K,Bachelor’s Degree,Female,West
1865605830,"Online, single-brand retail",Twitter,Online Experience,Yes,8,$50 to less than $100,$100K to less than $200K,Bachelor’s Degree,Female,Midwest
1641698350,"Online, single-brand retail",Twitter,Price,No,7,Less than $20,More than $400K,Less than HS Diploma,Female,Southeast
1118783416,"In-store, single-brand retail",Twitter,In-Store Service,Yes,9,$50 to less than $100,$200K to less than $400K,Associate’s Degree,Female,Southwest
6842651493,"Online, single-brand retail",Instagram,In-Store Merchandising,No,5,$20 to less than $50,More than $400K,HS Diploma,Female,Southwest
6038741399,"In-store, multi-brand retail",Facebook,Price,Yes,3,$50 to less than $100,$100K to less than $200K,HS Diploma,Female,West
1839960150,"In-store, single-brand retail",Instagram,In-Store Service,No,1,$20 to less than $50,$200K to less than $400K,Less than HS Diploma,Male,Southwest
6787775290,"Online, single-brand retail",Twitter,In-Store Merchandising,No,7,Less than $20,$200K to less than $400K,Associate’s Degree,Female,Northeast
8734315266,"Online, single-brand retail",Facebook,Online Experience,Yes,1,Less than $20,More than $400K,Associate’s Degree,Female,West
7281720021,"Online, multi-brand retail",Snapchat,In-Store Merchandising,No,6,Less than $20,More than $400K,Graduate Degree,Female,West
5301228239,"Online, single-brand retail",Facebook,In-Store Merchandising,Yes,4,$20 to less than $50,$200K to less than $400K,Graduate Degree,Female,Midwest
9171046742,"Online, single-brand retail",Snapchat,Price,Yes,1,Less than $20,$100K to less than $200K,Graduate Degree,Female,Southeast
1844631762,"Online, multi-brand retail",Instagram,New Styles,No,1,$50 to less than $100,More than $400K,Associate’s Degree,Female,Southeast
7354296490,"In-store, single-brand retail",Snapchat,In-Store Service,No,6,$50 to less than $100,$100K to less than $200K,Graduate Degree,Female,Northeast
5127340125,"In-store, multi-brand retail",Instagram,Price,Yes,4,Less than $20,$100K to less than $200K,HS Diploma,Female,Southwest
6142276529,"Online, single-brand retail",Instagram,In-Store Merchandising,Yes,5,Less than $20,$200K to less than $400K,Graduate Degree,Female,West
4904513575,"Online, single-brand retail",Twitter,Price,Yes,6,$50 to less than $100,More than $400K,Bachelor’s Degree,Female,Midwest
9482041681,"Online, multi-brand retail",Facebook,Online Experience,Yes,2,$50 to less than $100,$200K to less than $400K,Bachelor’s Degree,Female,West
1952499038,"In-store, single-brand retail",Snapchat,In-Store Service,Yes,6,Less than $20,$200K to less than $400K,Bachelor’s Degree,Male,West
4876739734,"Online, single-brand retail",Snapchat,In-Store Merchandising,No,6,Less than $20,More than $400K,Associate’s Degree,Female,Midwest
2038278881,"Online, multi-brand retail",Snapchat,In-Store Merchandising,Yes,2,$50 to less than $100,$100K to less than $200K,Associate’s Degree,Female,Southeast
3359575527,"Online, single-brand retail",Instagram,Price,Yes,5,$20 to less than $50,$100K to less than $200K,HS Diploma,Female,Northeast
1203013106,"In-store, multi-brand retail",Twitter,Price,Yes,8,$50 to less than $100,$200K to less than $400K,Associate’s Degree,Female,Midwest
9763385190,"Online, single-brand retail",Twitter,Online Experience,Yes,6,$50 to less than $100,More than $400K,Associate’s Degree,Female,West
3748863455,"In-store, single-brand retail",Snapchat,In-Store Service,Yes,1,$20 to less than $50,$100K to less than $200K,Associate’s Degree,Female,Southeast
9022985651,"Online, single-brand retail",Instagram,New Styles,Yes,5,$20 to less than $50,$200K to less than $400K,Bachelor’s Degree,Female,Southeast
4294758644,"In-store, single-brand retail",Snapchat,In-Store Service,No,2,Less than $20,$100K to less than $200K,Graduate Degree,Female,Midwest
9511214777,"Online, single-brand retail",Instagram,In-Store Merchandising,Yes,5,$50 to less than $100,More than $400K,Bachelor’s Degree,Female,West
8157994106,"In-store, single-brand retail",Facebook,In-Store Service,Yes,3,$50 to less than $100,More than $400K,HS Diploma,Female,Southeast
9266741164,"In-store, single-brand retail",Facebook,In-Store Service,No,1,$50 to less than $100,$100K to less than $200K,Graduate Degree,Female,West
9425360327,"In-store, single-brand retail",Instagram,In-Store Service,No,4,Less than $20,$100K to less than $200K,HS Diploma,Male,Northeast
9533582174,"In-store, multi-brand retail",Facebook,Online Experience,Yes,3,$50 to less than $100,$100K to less than $200K,Graduate Degree,Female,Midwest
6487773570,"Online, multi-brand retail",Facebook,Price,Yes,2,$50 to less than $100,More than $400K,Graduate Degree,Male,West
1253627570,"Online, multi-brand retail",Snapchat,Price,Yes,4,$50 to less than $100,$100K to less than $200K,Graduate Degree,Female,Southeast
3770383385,"In-store, single-brand retail",Twitter,In-Store Service,Yes,8,$50 to less than $100,$200K to less than $400K,Associate’s Degree,Female,Northeast
9105059816,"Online, multi-brand retail",Twitter,New Styles,No,5,Less than $20,$100K to less than $200K,HS Diploma,Female,Southwest
8710188070,"Online, multi-brand retail",Instagram,In-Store Merchandising,No,5,Less than $20,$200K to less than $400K,Less than HS Diploma,Female,Southwest
1905370212,"Online, single-brand retail",Twitter,Online Experience,Yes,5,Less than $20,$100K to less than $200K,Graduate Degree,Female,West
1350603795,"In-store, single-brand retail",Twitter,In-Store Service,No,7,$20 to less than $50,More than $400K,HS Diploma,Female,West
6674716260,"In-store, multi-brand retail",Twitter,Online Experience,Yes,6,$50 to less than $100,More than $400K,Graduate Degree,Female,Northeast
9264787526,"Online, single-brand retail",Instagram,New Styles,Yes,5,Less than $20,$100K to less than $200K,HS Diploma,Female,West
6642285298,"In-store, single-brand retail",Instagram,In-Store Service,Yes,7,$20 to less than $50,$200K to less than $400K,HS Diploma,Female,Midwest
7001858891,"Online, multi-brand retail",Facebook,Online Experience,No,5,$20 to less than $50,$200K to less than $400K,Less than HS Diploma,Female,West
5661377979,"In-store, single-brand retail",Snapchat,In-Store Service,Yes,1,$50 to less than $100,$200K to less than $400K,Associate’s Degree,Female,West
2558522771,"In-store, single-brand retail",Twitter,In-Store Service,No,5,$50 to less than $100,More than $400K,Less than HS Diploma,Female,West
7596917285,"In-store, single-brand retail",Facebook,In-Store Service,No,1,$20 to less than $50,More than $400K,HS Diploma,Female,Northeast
8299515340,"In-store, multi-brand retail",Twitter,Price,Yes,8,$20 to less than $50,More than $400K,Graduate Degree,Female,West
5577670547,"In-store, multi-brand retail",Instagram,Online Experience,Yes,5,Less than $20,$100K to less than $200K,HS Diploma,Female,Southwest
6368626237,"Online, multi-brand retail",Instagram,Price,Yes,3,Less than $20,$100K to less than $200K,Less than HS Diploma,Female,West
1884108994,"Online, multi-brand retail",Instagram,In-Store Merchandising,No,4,$20 to less than $50,More than $400K,Bachelor’s Degree,Female,Southwest
7347070666,"In-store, single-brand retail",Facebook,In-Store Service,Yes,3,$20 to less than $50,$200K to less than $400K,Bachelor’s Degree,Female,West
2939530975,"Online, multi-brand retail",Facebook,Price,Yes,3,Less than $20,$200K to less than $400K,Associate’s Degree,Female,Southwest
5907589280,"In-store, single-brand retail",Twitter,In-Store Service,No,7,Less than $20,$100K to less than $200K,Less than HS Diploma,Female,West
3650019317,"Online, single-brand retail",Instagram,Price,No,3,Less than $20,More than $400K,Associate’s Degree,Female,West
6019452336,"In-store, multi-brand retail",Instagram,Online Experience,No,5,$50 to less than $100,$100K to less than $200K,Bachelor’s Degree,Female,West
4601858072,"Online, single-brand retail",Facebook,Online Experience,No,3,Less than $20,$200K to less than $400K,Less than HS Diploma,Female,West
6527107375,"In-store, single-brand retail",Facebook,In-Store Service,No,6,$20 to less than $50,$100K to less than $200K,HS Diploma,Male,West
1904626867,"Online, single-brand retail",Instagram,New Styles,Yes,5,$20 to less than $50,More than $400K,Bachelor’s Degree,Female,West
4428461047,"Online, multi-brand retail",Snapchat,New Styles,Yes,1,$50 to less than $100,$200K to less than $400K,Less than HS Diploma,Female,Southwest
6390665173,"Online, multi-brand retail",Twitter,Price,Yes,8,$20 to less than $50,More than $400K,Bachelor’s Degree,Male,West
7970634753,"In-store, single-brand retail",Facebook,In-Store Service,No,6,$50 to less than $100,$100K to less than $200K,Graduate Degree,Female,West
8659251504,"In-store, single-brand retail",Facebook,In-Store Service,No,5,Less than $20,$100K to less than $200K,Bachelor’s Degree,Female,Southeast
8598753486,"Online, multi-brand retail",Facebook,In-Store Merchandising,No,1,$20 to less than $50,More than $400K,HS Diploma,Female,Northeast
5971155418,"In-store, multi-brand retail",Twitter,Online Experience,Yes,8,$20 to less than $50,More than $400K,Graduate Degree,Male,Midwest
4437956803,"In-store, single-brand retail",Instagram,In-Store Service,No,5,$20 to less than $50,$100K to less than $200K,Less than HS Diploma,Female,West
4270546909,"Online, multi-brand retail",Instagram,Online Experience,Yes,5,Less than $20,$200K to less than $400K,HS Diploma,Female,West
5400390123,"In-store, multi-brand retail",Snapchat,New Styles,Yes,7,Less than $20,More than $400K,Bachelor’s Degree,Male,Southeast
4701550766,"In-store, single-brand retail",Instagram,In-Store Service,Yes,5,$50 to less than $100,$200K to less than $400K,Graduate Degree,Female,Southeast
4462231228,"Online, multi-brand retail",Snapchat,New Styles,Yes,3,$50 to less than $100,More than $400K,HS Diploma,Female,West
8444249222,"In-store, single-brand retail",Instagram,In-Store Service,No,1,Less than $20,$100K to less than $200K,HS Diploma,Female,Southeast
3036851845,"Online, single-brand retail",Twitter,New Styles,Yes,8,$50 to less than $100,$200K to less than $400K,Associate’s Degree,Female,West
7862270139,"Online, multi-brand retail",Facebook,Online Experience,No,5,$20 to less than $50,$200K to less than $400K,HS Diploma,Male,Southwest
5218275580,"In-store, single-brand retail",Facebook,In-Store Service,No,2,Less than $20,$100K to less than $200K,Associate’s Degree,Female,Midwest
2810333113,"In-store, single-brand retail",Facebook,In-Store Service,No,6,$50 to less than $100,More than $400K,Associate’s Degree,Female,West
4869844831,"Online, single-brand retail",Snapchat,New Styles,No,1,$50 to less than $100,$100K to less than $200K,Graduate Degree,Female,West
5189300194,"Online, multi-brand retail",Facebook,New Styles,No,7,$20 to less than $50,More than $400K,HS Diploma,Female,Southeast
5490620312,"Online, multi-brand retail",Snapchat,In-Store Merchandising,No,7,Less than $20,More than $400K,Bachelor’s Degree,Female,West
9573826885,"Online, single-brand retail",Twitter,New Styles,Yes,10,$20 to less than $50,More than $400K,HS Diploma,Female,Northeast
4106940987,"Online, multi-brand retail",Facebook,In-Store Merchandising,No,4,Less than $20,$100K to less than $200K,Graduate Degree,Male,Northeast
7082479685,"Online, multi-brand retail",Instagram,In-Store Merchandising,Yes,4,$50 to less than $100,$100K to less than $200K,Less than HS Diploma,Female,West
3411558241,"Online, multi-brand retail",Instagram,Online Experience,Yes,2,Less than $20,$200K to less than $400K,HS Diploma,Female,Southeast
9950073129,"Online, multi-brand retail",Instagram,Price,No,5,Less than $20,$100K to less than $200K,Associate’s Degree,Female,Northeast
5898483283,"Online, multi-brand retail",Twitter,New Styles,Yes,5,$20 to less than $50,More than $400K,Bachelor’s Degree,Female,Northeast
1201216989,"In-store, multi-brand retail",Snapchat,Price,Yes,1,Less than $20,More than $400K,HS Diploma,Female,Southwest
9874764372,"In-store, single-brand retail",Instagram,In-Store Service,Yes,2,$50 to less than $100,$200K to less than $400K,Less than HS Diploma,Female,Southwest
2222528359,"In-store, single-brand retail",Instagram,In-Store Service,Yes,3,$20 to less than $50,$100K to less than $200K,Associate’s Degree,Female,Northeast
9111068323,"In-store, single-brand retail",Twitter,In-Store Service,No,8,$50 to less than $100,$200K to less than $400K,Graduate Degree,Female,West
4420377465,"In-store, single-brand retail",Snapchat,In-Store Service,Yes,2,$20 to less than $50,$100K to less than $200K,Less than HS Diploma,Female,West
8839834366,"In-store, multi-brand retail",Instagram,In-Store Merchandising,No,5,$20 to less than $50,$200K to less than $400K,Less than HS Diploma,Female,Southwest
9172940404,"In-store, multi-brand retail",Instagram,New Styles,Yes,7,Less than $20,More than $400K,Bachelor’s Degree,Female,Midwest
4347644848,"In-store, multi-brand retail",Instagram,Online Experience,No,3,$20 to less than $50,$100K to less than $200K,Less than HS Diploma,Female,Northeast
8272302217,"In-store, multi-brand retail",Instagram,Price,Yes,3,$50 to less than $100,More than $400K,Bachelor’s Degree,Female,West
3425010211,"In-store, multi-brand retail",Instagram,Price,No,4,Less than $20,$200K to less than $400K,HS Diploma,Female,Northeast
3815374798,"Online, single-brand retail",Instagram,In-Store Merchandising,No,3,$20 to less than $50,$100K to less than $200K,Less than HS Diploma,Female,West
6167105742,"Online, single-brand retail",Facebook,Online Experience,Yes,7,Less than $20,$200K to less than $400K,Bachelor’s Degree,Male,Southeast
3950688629,"In-store, single-brand retail",Instagram,In-Store Service,Yes,1,Less than $20,$100K to less than $200K,HS Diploma,Female,Southwest
3986637479,"Online, single-brand retail",Instagram,Online Experience,Yes,2,Less than $20,$200K to less than $400K,Associate’s Degree,Male,Southeast
7402752744,"In-store, multi-brand retail",Twitter,Price,Yes,9,$50 to less than $100,$200K to less than $400K,Less than HS Diploma,Female,West
1910186908,"In-store, multi-brand retail",Facebook,Online Experience,Yes,4,Less than $20,$100K to less than $200K,Bachelor’s Degree,Female,Southeast
4877821011,"In-store, single-brand retail",Twitter,In-Store Service,Yes,5,$50 to less than $100,$100K to less than $200K,Graduate Degree,Female,West
4569835850,"In-store, single-brand retail",Snapchat,In-Store Service,Yes,6,$50 to less than $100,More than $400K,Graduate Degree,Female,West
7234138601,"In-store, single-brand retail",Twitter,In-Store Service,No,7,$50 to less than $100,$100K to less than $200K,Associate’s Degree,Male,Southeast
8937718446,"Online, single-brand retail",Snapchat,New Styles,Yes,2,$20 to less than $50,More than $400K,Associate’s Degree,Male,West
5533586219,"In-store, single-brand retail",Snapchat,In-Store Service,Yes,4,Less than $20,$200K to less than $400K,HS Diploma,Female,West
5429243820,"In-store, single-brand retail",Facebook,In-Store Service,No,3,Less than $20,$200K to less than $400K,HS Diploma,Female,Northeast
9007592192,"Online, single-brand retail",Twitter,Price,Yes,8,Less than $20,$100K to less than $200K,Graduate Degree,Female,West
6296355493,"In-store, single-brand retail",Facebook,In-Store Service,No,6,Less than $20,$200K to less than $400K,Less than HS Diploma,Female,Southeast
8523536218,"In-store, multi-brand retail",Snapchat,In-Store Merchandising,No,2,$50 to less than $100,More than $400K,Associate’s Degree,Female,Midwest
6333002065,"In-store, single-brand retail",Snapchat,In-Store Service,Yes,3,$20 to less than $50,$200K to less than $400K,Associate’s Degree,Male,West
9195910220,"In-store, multi-brand retail",Facebook,New Styles,Yes,7,Less than $20,More than $400K,Bachelor’s Degree,Female,West
7630900020,"Online, single-brand retail",Instagram,Online Experience,Yes,3,$20 to less than $50,$100K to less than $200K,Less than HS Diploma,Female,Southeast
3771904444,"In-store, multi-brand retail",Instagram,Online Experience,No,2,Less than $20,More than $400K,Associate’s Degree,Female,Southwest
4901552512,"In-store, single-brand retail",Facebook,In-Store Service,No,7,Less than $20,More than $400K,Associate’s Degree,Female,West
1620104197,"Online, single-brand retail",Snapchat,Online Experience,Yes,2,$50 to less than $100,More than $400K,HS Diploma,Female,Northeast
2584732454,"Online, single-brand retail",Snapchat,Price,Yes,1,$50 to less than $100,$200K to less than $400K,HS Diploma,Female,Northeast
2870948702,"In-store, single-brand retail",Twitter,In-Store Service,No,8,$20 to less than $50,$100K to less than $200K,Associate’s Degree,Female,Midwest
3110156652,"In-store, multi-brand retail",Instagram,Online Experience,No,5,$20 to less than $50,$200K to less than $400K,Associate’s Degree,Female,West
2433214280,"Online, single-brand retail",Facebook,In-Store Merchandising,Yes,7,$50 to less than $100,More than $400K,HS Diploma,Female,West
9221762718,"Online, multi-brand retail",Twitter,Price,Yes,7,Less than $20,$200K to less than $400K,Bachelor’s Degree,Female,Northeast
6066558237,"In-store, single-brand retail",Twitter,In-Store Service,No,7,$50 to less than $100,More than $400K,Graduate Degree,Female,Southeast
3552656918,"In-store, single-brand retail",Facebook,In-Store Service,Yes,2,Less than $20,$200K to less than $400K,Graduate Degree,Female,Southwest
8009705453,"Online, single-brand retail",Snapchat,Online Experience,No,7,$20 to less than $50,More than $400K,HS Diploma,Male,West
4551095044,"Online, single-brand retail",Snapchat,In-Store Merchandising,No,4,Less than $20,$200K to less than $400K,HS Diploma,Female,Southeast
5310545003,"Online, multi-brand retail",Twitter,New Styles,No,5,$50 to less than $100,$200K to less than $400K,Graduate Degree,Female,Northeast
8943975152,"Online, single-brand retail",Facebook,Price,Yes,2,Less than $20,$200K to less than $400K,Bachelor’s Degree,Female,Southwest
6437903941,"In-store, multi-brand retail",Twitter,Online Experience,Yes,8,Less than $20,$200K to less than $400K,HS Diploma,Female,Northeast
5617537553,"In-store, multi-brand retail",Snapchat,New Styles,Yes,1,$20 to less than $50,More than $400K,Bachelor’s Degree,Male,Southeast
1730301333,"Online, multi-brand retail",Facebook,Online Experience,No,5,$20 to less than $50,$100K to less than $200K,Graduate Degree,Female,West
1434632891,"In-store, single-brand retail",Instagram,In-Store Service,Yes,2,$20 to less than $50,$100K to less than $200K,Less than HS Diploma,Female,Midwest
7230838220,"Online, single-brand retail",Twitter,New Styles,No,7,$50 to less than $100,$200K to less than $400K,HS Diploma,Female,Southeast
9924781072,"In-store, multi-brand retail",Instagram,New Styles,Yes,6,Less than $20,$100K to less than $200K,Less than HS Diploma,Female,West
6337118266,"Online, multi-brand retail",Snapchat,New Styles,Yes,5,Less than $20,More than $400K,HS Diploma,Female,Southeast
8123729722,"In-store, multi-brand retail",Facebook,In-Store Merchandising,Yes,7,Less than $20,More than $400K,Bachelor’s Degree,Female,West
2131505652,"Online, multi-brand retail",Twitter,Price,Yes,8,$50 to less than $100,$200K to less than $400K,HS Diploma,Female,Northeast
1398412976,"Online, single-brand retail",Twitter,Online Experience,No,5,$20 to less than $50,$200K to less than $400K,Less than HS Diploma,Female,Northeast
7915438297,"Online, single-brand retail",Instagram,Price,No,3,$50 to less than $100,$100K to less than $200K,Associate’s Degree,Female,West
2970418719,"Online, multi-brand retail",Twitter,Online Experience,Yes,9,$50 to less than $100,$100K to less than $200K,Associate’s Degree,Female,Midwest
2814190653,"Online, multi-brand retail",Instagram,In-Store Merchandising,No,5,$50 to less than $100,$200K to less than $400K,Bachelor’s Degree,Female,Southeast
6545601833,"Online, multi-brand retail",Facebook,In-Store Merchandising,No,1,$20 to less than $50,More than $400K,HS Diploma,Female,West
2155979526,"In-store, multi-brand retail",Facebook,Price,No,4,$50 to less than $100,$100K to less than $200K,Bachelor’s Degree,Female,Southeast
3015492924,"Online, multi-brand retail",Twitter,In-Store Merchandising,Yes,8,Less than $20,$200K to less than $400K,Associate’s Degree,Female,Midwest
2500701341,"Online, single-brand retail",Instagram,New Styles,Yes,4,$50 to less than $100,More than $400K,Bachelor’s Degree,Female,West
1644572763,"In-store, single-brand retail",Instagram,In-Store Service,No,3,Less than $20,More than $400K,Bachelor’s Degree,Female,Southeast
4732778210,"In-store, multi-brand retail",Twitter,New Styles,No,6,$50 to less than $100,$200K to less than $400K,HS Diploma,Male,Midwest
3887146575,"Online, multi-brand retail",Snapchat,In-Store Merchandising,Yes,5,Less than $20,$100K to less than $200K,HS Diploma,Female,West
3213876641,"In-store, multi-brand retail",Twitter,Price,Yes,10,$20 to less than $50,$100K to less than $200K,Bachelor’s Degree,Female,Northeast
3282077181,"Online, multi-brand retail",Snapchat,In-Store Merchandising,No,3,Less than $20,More than $400K,Associate’s Degree,Female,Southwest
8451082446,"Online, multi-brand retail",Facebook,New Styles,Yes,6,$50 to less than $100,$200K to less than $400K,Graduate Degree,Female,Northeast
2604595638,"In-store, multi-brand retail",Instagram,In-Store Merchandising,No,3,Less than $20,More than $400K,Associate’s Degree,Male,West
8068498827,"Online, single-brand retail",Twitter,Price,No,8,Less than $20,$200K to less than $400K,Associate’s Degree,Female,West
6801449733,"In-store, single-brand retail",Twitter,In-Store Service,Yes,5,Less than $20,$100K to less than $200K,Associate’s Degree,Female,West
8914112498,"In-store, multi-brand retail",Snapchat,Price,Yes,5,$50 to less than $100,More than $400K,Less than HS Diploma,Female,Southeast
1573836716,"Online, multi-brand retail",Facebook,New Styles,Yes,2,Less than $20,More than $400K,Less than HS Diploma,Female,Northeast
7619599305,"Online, single-brand retail",Facebook,In-Store Merchandising,Yes,6,$50 to less than $100,More than $400K,Less than HS Diploma,Female,West
7994705309,"Online, multi-brand retail",Twitter,New Styles,Yes,10,$50 to less than $100,$100K to less than $200K,Less than HS Diploma,Female,Southeast
1920062774,"Online, multi-brand retail",Snapchat,Online Experience,No,7,$50 to less than $100,$100K to less than $200K,HS Diploma,Female,Southwest
2945763791,"In-store, multi-brand retail",Twitter,Online Experience,Yes,5,Less than $20,$200K to less than $400K,Graduate Degree,Female,West
3583814984,"In-store, multi-brand retail",Snapchat,Online Experience,No,4,$50 to less than $100,$100K to less than $200K,Less than HS Diploma,Female,Northeast
6907113802,"Online, single-brand retail",Instagram,Online Experience,No,3,Less than $20,$200K to less than $400K,Less than HS Diploma,Female,Midwest
9836351154,"In-store, multi-brand retail",Snapchat,In-Store Merchandising,No,6,$50 to less than $100,More than $400K,Less than HS Diploma,Female,Midwest
5820428119,"Online, multi-brand retail",Facebook,In-Store Merchandising,Yes,5,$20 to less than $50,More than $400K,Bachelor’s Degree,Female,West
9187674097,"In-store, multi-brand retail",Instagram,Online Experience,Yes,5,$50 to less than $100,$100K to less than $200K,HS Diploma,Female,Northeast
2148427874,"Online, single-brand retail",Facebook,Price,Yes,3,Less than $20,$100K to less than $200K,Less than HS Diploma,Female,Southwest
7532346138,"Online, single-brand retail",Instagram,Online Experience,Yes,4,Less than $20,More than $400K,HS Diploma,Female,Northeast
2582365764,"Online, multi-brand retail",Twitter,Price,Yes,9,$20 to less than $50,$200K to less than $400K,Bachelor’s Degree,Male,Southwest
9397287109,"In-store, single-brand retail",Facebook,In-Store Service,No,4,Less than $20,$200K to less than $400K,Bachelor’s Degree,Female,Northeast
2916460925,"In-store, multi-brand retail",Snapchat,In-Store Merchandising,Yes,1,Less than $20,More than $400K,Associate’s Degree,Female,Northeast
2731720012,"In-store, single-brand retail",Twitter,In-Store Service,No,8,Less than $20,More than $400K,Less than HS Diploma,Female,West
3337516690,"In-store, multi-brand retail",Instagram,Price,Yes,3,$50 to less than $100,$200K to less than $400K,HS Diploma,Female,West
6683476687,"Online, multi-brand retail",Snapchat,In-Store Merchandising,No,7,$20 to less than $50,More than $400K,Bachelor’s Degree,Female,Southwest
5683457187,"In-store, single-brand retail",Instagram,In-Store Service,Yes,3,Less than $20,$200K to less than $400K,Bachelor’s Degree,Female,West
3100862267,"Online, single-brand retail",Twitter,In-Store Merchandising,No,5,$50 to less than $100,More than $400K,Graduate Degree,Female,Northeast
1044702198,"Online, multi-brand retail",Twitter,New Styles,Yes,7,Less than $20,$200K to less than $400K,Associate’s Degree,Male,West
5292101736,"Online, multi-brand retail",Instagram,New Styles,No,4,$50 to less than $100,More than $400K,Bachelor’s Degree,Female,West
5401929827,"In-store, multi-brand retail",Facebook,New Styles,No,2,Less than $20,$100K to less than $200K,HS Diploma,Female,West
6387156018,"In-store, multi-brand retail",Snapchat,Online Experience,Yes,3,$50 to less than $100,$100K to less than $200K,HS Diploma,Female,West
8410984536,"In-store, multi-brand retail",Twitter,Online Experience,Yes,6,Less than $20,$100K to less than $200K,HS Diploma,Male,West
2380337856,"Online, single-brand retail",Twitter,New Styles,No,5,$20 to less than $50,$100K to less than $200K,Associate’s Degree,Female,Southeast
1238867859,"In-store, single-brand retail",Instagram,In-Store Service,No,6,Less than $20,More than $400K,Bachelor’s Degree,Female,Northeast
6813964968,"In-store, multi-brand retail",Instagram,New Styles,No,1,Less than $20,$200K to less than $400K,HS Diploma,Female,West
8763993469,"In-store, single-brand retail",Twitter,In-Store Service,Yes,9,Less than $20,More than $400K,Bachelor’s Degree,Female,West
8787553509,"In-store, single-brand retail",Snapchat,In-Store Service,Yes,3,Less than $20,More than $400K,Associate’s Degree,Female,Southeast
4070772608,"In-store, multi-brand retail",Facebook,Online Experience,No,2,$50 to less than $100,$100K to less than $200K,HS Diploma,Female,Northeast
4427974331,"In-store, single-brand retail",Snapchat,In-Store Service,No,4,$50 to less than $100,More than $400K,Less than HS Diploma,Female,Southwest
5538562532,"In-store, single-brand retail",Twitter,In-Store Service,Yes,8,$50 to less than $100,More than $400K,Graduate Degree,Female,West
1530735217,"In-store, multi-brand retail",Snapchat,Price,Yes,1,$20 to less than $50,$100K to less than $200K,HS Diploma,Female,West
9945370164,"Online, multi-brand retail",Facebook,In-Store Merchandising,No,6,Less than $20,$100K to less than $200K,Less than HS Diploma,Female,West
8173937103,"Online, multi-brand retail",Facebook,New Styles,No,1,Less than $20,$100K to less than $200K,Associate’s Degree,Female,West
7145659192,"In-store, single-brand retail",Instagram,In-Store Service,No,3,Less than $20,More than $400K,Graduate Degree,Female,West
4286798928,"In-store, multi-brand retail",Facebook,Online Experience,No,4,$20 to less than $50,$100K to less than $200K,Less than HS Diploma,Female,West
3562117488,"In-store, single-brand retail",Facebook,In-Store Service,Yes,5,$20 to less than $50,More than $400K,Graduate Degree,Female,Southeast
9549515086,"Online, multi-brand retail",Twitter,Price,Yes,7,$20 to less than $50,$200K to less than $400K,HS Diploma,Male,West
4259158387,"Online, multi-brand retail",Snapchat,New Styles,No,1,$50 to less than $100,$200K to less than $400K,Less than HS Diploma,Female,Southeast
8024953834,"Online, single-brand retail",Instagram,In-Store Merchandising,No,1,Less than $20,$200K to less than $400K,Less than HS Diploma,Female,Northeast
2766767267,"Online, single-brand retail",Twitter,In-Store Merchandising,Yes,10,$20 to less than $50,$100K to less than $200K,HS Diploma,Female,Northeast
4756315414,"Online, multi-brand retail",Instagram,In-Store Merchandising,No,1,$20 to less than $50,More than $400K,Graduate Degree,Female,Southeast
1992552245,"Online, multi-brand retail",Twitter,New Styles,No,9,$50 to less than $100,$100K to less than $200K,Less than HS Diploma,Female,West
8934192598,"Online, multi-brand retail",Twitter,In-Store Merchandising,Yes,8,Less than $20,More than $400K,Associate’s Degree,Male,West
2841858933,"Online, multi-brand retail",Twitter,Online Experience,Yes,10,$20 to less than $50,More than $400K,Bachelor’s Degree,Female,Southwest
6001442645,"Online, single-brand retail",Twitter,Online Experience,No,6,$20 to less than $50,$100K to less than $200K,Less than HS Diploma,Female,Northeast